event_id,event_start_et,event_end_et,event_duration_minutes,hour_start_et,segment_start_et,segment_end_et,event_minutes_in_hour,modal_peak_frequency_hz,modal_peak_minutes,mean_rms_counts,max_rms_counts,mean_4_8_power_share_percent
H4-001,"Apr 25, 2026 8:07 PM EDT","Apr 25, 2026 8:25 PM EDT",18,"Apr 25, 2026 8:00 PM EDT","Apr 25, 2026 8:07 PM EDT","Apr 25, 2026 8:25 PM EDT",18,11.75,5,3061.4593992400346,3393.8825255778497,37.293133157225796
H4-002,"Apr 25, 2026 8:30 PM EDT","Apr 25, 2026 9:24 PM EDT",54,"Apr 25, 2026 8:00 PM EDT","Apr 25, 2026 8:30 PM EDT","Apr 25, 2026 9:00 PM EDT",30,5.75,5,3057.1542478117876,3577.511792431847,37.94574724924596
H4-002,"Apr 25, 2026 8:30 PM EDT","Apr 25, 2026 9:24 PM EDT",54,"Apr 25, 2026 9:00 PM EDT","Apr 25, 2026 9:00 PM EDT","Apr 25, 2026 9:24 PM EDT",24,5.75,5,3073.1500781235027,3411.8312350870033,37.267465199118284
H4-003,"Apr 25, 2026 9:31 PM EDT","Apr 25, 2026 10:30 PM EDT",59,"Apr 25, 2026 9:00 PM EDT","Apr 25, 2026 9:31 PM EDT","Apr 25, 2026 10:00 PM EDT",29,10.95,4,3174.317631607462,3752.5175172252007,38.70820213684305
H4-003,"Apr 25, 2026 9:31 PM EDT","Apr 25, 2026 10:30 PM EDT",59,"Apr 25, 2026 10:00 PM EDT","Apr 25, 2026 10:00 PM EDT","Apr 25, 2026 10:30 PM EDT",30,5.75,3,3041.628375142298,3213.0877516390256,39.59989001601777
H4-004,"Apr 25, 2026 10:50 PM EDT","Apr 26, 2026 12:00 AM EDT",70,"Apr 25, 2026 10:00 PM EDT","Apr 25, 2026 10:50 PM EDT","Apr 25, 2026 11:00 PM EDT",10,5.45,2,2937.9792440732144,3017.930702396258,37.15689259316061
H4-004,"Apr 25, 2026 10:50 PM EDT","Apr 26, 2026 12:00 AM EDT",70,"Apr 25, 2026 11:00 PM EDT","Apr 25, 2026 11:00 PM EDT","Apr 26, 2026 12:00 AM EDT",60,5.75,7,2941.2333373460087,3244.321282137961,38.97897663379993
H4-005,"Apr 26, 2026 12:25 AM EDT","Apr 26, 2026 12:48 AM EDT",23,"Apr 26, 2026 12:00 AM EDT","Apr 26, 2026 12:25 AM EDT","Apr 26, 2026 12:48 AM EDT",23,10.85,4,2905.0235873006427,3092.963180816695,39.91264043106179
H4-006,"Apr 26, 2026 12:30 PM EDT","Apr 26, 2026 1:01 PM EDT",31,"Apr 26, 2026 12:00 PM EDT","Apr 26, 2026 12:30 PM EDT","Apr 26, 2026 1:00 PM EDT",30,5.65,5,3309.893390553075,3982.2803988525575,37.49379725885459
H4-006,"Apr 26, 2026 12:30 PM EDT","Apr 26, 2026 1:01 PM EDT",31,"Apr 26, 2026 1:00 PM EDT","Apr 26, 2026 1:00 PM EDT","Apr 26, 2026 1:01 PM EDT",1,7.45,1,3036.997918411293,3036.997918411293,40.54524673360536
H4-007,"Apr 26, 2026 1:02 PM EDT","Apr 26, 2026 1:57 PM EDT",55,"Apr 26, 2026 1:00 PM EDT","Apr 26, 2026 1:02 PM EDT","Apr 26, 2026 1:57 PM EDT",55,5.65,6,3058.754657255771,3717.9084325963536,38.67151054096358
H4-008,"Apr 26, 2026 1:58 PM EDT","Apr 26, 2026 2:18 PM EDT",20,"Apr 26, 2026 1:00 PM EDT","Apr 26, 2026 1:58 PM EDT","Apr 26, 2026 2:00 PM EDT",2,11.65,2,3054.4116801428836,3183.3223248609693,33.41977162868093
H4-008,"Apr 26, 2026 1:58 PM EDT","Apr 26, 2026 2:18 PM EDT",20,"Apr 26, 2026 2:00 PM EDT","Apr 26, 2026 2:00 PM EDT","Apr 26, 2026 2:18 PM EDT",18,10.95,4,3091.091439206765,3683.2704114682174,36.33830494370775
H4-009,"Apr 26, 2026 2:19 PM EDT","Apr 26, 2026 2:36 PM EDT",17,"Apr 26, 2026 2:00 PM EDT","Apr 26, 2026 2:19 PM EDT","Apr 26, 2026 2:36 PM EDT",17,0.55,2,3307.598230895816,4334.158469307735,34.65287346801059
H4-010,"Apr 26, 2026 2:45 PM EDT","Apr 26, 2026 4:15 PM EDT",90,"Apr 26, 2026 2:00 PM EDT","Apr 26, 2026 2:45 PM EDT","Apr 26, 2026 3:00 PM EDT",15,0.55,7,3691.125310939176,4041.691776699044,33.545934840619665
H4-010,"Apr 26, 2026 2:45 PM EDT","Apr 26, 2026 4:15 PM EDT",90,"Apr 26, 2026 3:00 PM EDT","Apr 26, 2026 3:00 PM EDT","Apr 26, 2026 4:00 PM EDT",60,5.55,5,3084.9371390617102,4378.909299985476,36.32599477071869
H4-010,"Apr 26, 2026 2:45 PM EDT","Apr 26, 2026 4:15 PM EDT",90,"Apr 26, 2026 4:00 PM EDT","Apr 26, 2026 4:00 PM EDT","Apr 26, 2026 4:15 PM EDT",15,8.15,3,3004.596831730988,3241.442444108172,36.588829625982115
H4-011,"Apr 26, 2026 4:18 PM EDT","Apr 26, 2026 6:08 PM EDT",110,"Apr 26, 2026 4:00 PM EDT","Apr 26, 2026 4:18 PM EDT","Apr 26, 2026 5:00 PM EDT",42,5.75,4,2906.9102458805,3152.0720476949696,37.23982518973052
H4-011,"Apr 26, 2026 4:18 PM EDT","Apr 26, 2026 6:08 PM EDT",110,"Apr 26, 2026 5:00 PM EDT","Apr 26, 2026 5:00 PM EDT","Apr 26, 2026 6:00 PM EDT",60,10.95,6,2891.362472589954,3277.9683949742357,36.41121655013733
H4-011,"Apr 26, 2026 4:18 PM EDT","Apr 26, 2026 6:08 PM EDT",110,"Apr 26, 2026 6:00 PM EDT","Apr 26, 2026 6:00 PM EDT","Apr 26, 2026 6:08 PM EDT",8,5.65,2,3010.5275408869643,3859.960809857433,39.589476286525276
H4-012,"Apr 26, 2026 6:09 PM EDT","Apr 26, 2026 6:51 PM EDT",42,"Apr 26, 2026 6:00 PM EDT","Apr 26, 2026 6:09 PM EDT","Apr 26, 2026 6:51 PM EDT",42,10.75,6,2824.1700549655047,3473.9270838118605,37.53685525537184
H4-013,"Apr 26, 2026 7:15 PM EDT","Apr 26, 2026 9:21 PM EDT",126,"Apr 26, 2026 7:00 PM EDT","Apr 26, 2026 7:15 PM EDT","Apr 26, 2026 8:00 PM EDT",45,10.65,5,2842.176872446404,3052.8748751295534,37.07977793282742
H4-013,"Apr 26, 2026 7:15 PM EDT","Apr 26, 2026 9:21 PM EDT",126,"Apr 26, 2026 8:00 PM EDT","Apr 26, 2026 8:00 PM EDT","Apr 26, 2026 9:00 PM EDT",60,10.75,6,2861.1962881720524,3435.220820055272,37.161026733127194
H4-013,"Apr 26, 2026 7:15 PM EDT","Apr 26, 2026 9:21 PM EDT",126,"Apr 26, 2026 9:00 PM EDT","Apr 26, 2026 9:00 PM EDT","Apr 26, 2026 9:21 PM EDT",21,11.05,4,2794.8537996922796,3131.5145095001503,37.356157815447105
H4-014,"Apr 27, 2026 12:22 PM EDT","Apr 27, 2026 12:53 PM EDT",31,"Apr 27, 2026 12:00 PM EDT","Apr 27, 2026 12:22 PM EDT","Apr 27, 2026 12:53 PM EDT",31,5.65,4,2941.4577054042934,3200.3448302694896,38.29224474548546
H4-015,"Apr 27, 2026 1:11 PM EDT","Apr 27, 2026 1:37 PM EDT",26,"Apr 27, 2026 1:00 PM EDT","Apr 27, 2026 1:11 PM EDT","Apr 27, 2026 1:37 PM EDT",26,10.75,4,2943.8237351714392,3111.7900413853226,37.0908512145206
H4-016,"Apr 27, 2026 1:41 PM EDT","Apr 27, 2026 2:28 PM EDT",47,"Apr 27, 2026 1:00 PM EDT","Apr 27, 2026 1:41 PM EDT","Apr 27, 2026 2:00 PM EDT",19,8.35,4,2951.1862127879976,3416.900816092454,38.06476788610129
H4-016,"Apr 27, 2026 1:41 PM EDT","Apr 27, 2026 2:28 PM EDT",47,"Apr 27, 2026 2:00 PM EDT","Apr 27, 2026 2:00 PM EDT","Apr 27, 2026 2:28 PM EDT",28,11.65,5,3046.4656852112344,3342.3843363408478,35.8655454184491
H4-017,"Apr 27, 2026 2:29 PM EDT","Apr 27, 2026 5:05 PM EDT",156,"Apr 27, 2026 2:00 PM EDT","Apr 27, 2026 2:29 PM EDT","Apr 27, 2026 3:00 PM EDT",31,10.95,6,2932.125791112397,3307.6166260602176,36.61974859281636
H4-017,"Apr 27, 2026 2:29 PM EDT","Apr 27, 2026 5:05 PM EDT",156,"Apr 27, 2026 3:00 PM EDT","Apr 27, 2026 3:00 PM EDT","Apr 27, 2026 4:00 PM EDT",60,5.75,7,3026.7461206305074,3589.645539396145,35.52111114832144
H4-017,"Apr 27, 2026 2:29 PM EDT","Apr 27, 2026 5:05 PM EDT",156,"Apr 27, 2026 4:00 PM EDT","Apr 27, 2026 4:00 PM EDT","Apr 27, 2026 5:00 PM EDT",60,10.95,8,2930.9062908686697,3475.2255590822087,35.94586282061795
H4-017,"Apr 27, 2026 2:29 PM EDT","Apr 27, 2026 5:05 PM EDT",156,"Apr 27, 2026 5:00 PM EDT","Apr 27, 2026 5:00 PM EDT","Apr 27, 2026 5:05 PM EDT",5,5.35,1,2840.422762196359,3062.3104827507773,35.92727076697627
H4-018,"Apr 27, 2026 5:06 PM EDT","Apr 27, 2026 5:54 PM EDT",48,"Apr 27, 2026 5:00 PM EDT","Apr 27, 2026 5:06 PM EDT","Apr 27, 2026 5:54 PM EDT",48,10.95,7,2981.9022259624576,3957.1714246862084,35.503420058657014
H4-019,"Apr 27, 2026 6:05 PM EDT","Apr 27, 2026 6:56 PM EDT",51,"Apr 27, 2026 6:00 PM EDT","Apr 27, 2026 6:05 PM EDT","Apr 27, 2026 6:56 PM EDT",51,10.85,7,2884.4409943402566,3457.3474859762664,35.69294467143699
H4-020,"Apr 27, 2026 7:49 PM EDT","Apr 27, 2026 8:29 PM EDT",40,"Apr 27, 2026 7:00 PM EDT","Apr 27, 2026 7:49 PM EDT","Apr 27, 2026 8:00 PM EDT",11,0.65,3,3499.456932577808,3917.2499576612795,33.14496224177957
H4-020,"Apr 27, 2026 7:49 PM EDT","Apr 27, 2026 8:29 PM EDT",40,"Apr 27, 2026 8:00 PM EDT","Apr 27, 2026 8:00 PM EDT","Apr 27, 2026 8:29 PM EDT",29,0.55,8,3803.958012588823,4718.796294145126,32.53446877553678
H4-021,"Apr 27, 2026 8:30 PM EDT","Apr 27, 2026 9:01 PM EDT",31,"Apr 27, 2026 8:00 PM EDT","Apr 27, 2026 8:30 PM EDT","Apr 27, 2026 9:00 PM EDT",30,10.75,4,2976.1931189428133,3206.3137749731663,35.30193696202269
H4-021,"Apr 27, 2026 8:30 PM EDT","Apr 27, 2026 9:01 PM EDT",31,"Apr 27, 2026 9:00 PM EDT","Apr 27, 2026 9:00 PM EDT","Apr 27, 2026 9:01 PM EDT",1,10.85,1,3066.694353925725,3066.694353925725,31.24828204309797
H4-022,"Apr 28, 2026 11:05 AM EDT","Apr 28, 2026 12:03 PM EDT",58,"Apr 28, 2026 11:00 AM EDT","Apr 28, 2026 11:05 AM EDT","Apr 28, 2026 12:00 PM EDT",55,0.55,14,4308.47470246765,6702.442585938428,33.901127848651655
H4-022,"Apr 28, 2026 11:05 AM EDT","Apr 28, 2026 12:03 PM EDT",58,"Apr 28, 2026 12:00 PM EDT","Apr 28, 2026 12:00 PM EDT","Apr 28, 2026 12:03 PM EDT",3,0.55,2,3750.0070487759076,3957.609413858102,33.04403278095368
H4-023,"Apr 28, 2026 12:22 PM EDT","Apr 28, 2026 12:51 PM EDT",29,"Apr 28, 2026 12:00 PM EDT","Apr 28, 2026 12:22 PM EDT","Apr 28, 2026 12:51 PM EDT",29,0.55,9,4073.5439986132797,5869.515067957892,32.83194008913905
H4-024,"Apr 28, 2026 12:52 PM EDT","Apr 28, 2026 1:21 PM EDT",29,"Apr 28, 2026 12:00 PM EDT","Apr 28, 2026 12:52 PM EDT","Apr 28, 2026 1:00 PM EDT",8,0.55,2,4067.65793707266,5012.604658052778,35.12153952860482
H4-024,"Apr 28, 2026 12:52 PM EDT","Apr 28, 2026 1:21 PM EDT",29,"Apr 28, 2026 1:00 PM EDT","Apr 28, 2026 1:00 PM EDT","Apr 28, 2026 1:21 PM EDT",21,0.55,5,3514.0825756163927,5101.045997500207,35.474968470751264
H4-025,"Apr 28, 2026 1:27 PM EDT","Apr 28, 2026 2:32 PM EDT",65,"Apr 28, 2026 1:00 PM EDT","Apr 28, 2026 1:27 PM EDT","Apr 28, 2026 2:00 PM EDT",33,11.75,8,3361.1869703223824,3822.714393235904,36.093566524877055
H4-025,"Apr 28, 2026 1:27 PM EDT","Apr 28, 2026 2:32 PM EDT",65,"Apr 28, 2026 2:00 PM EDT","Apr 28, 2026 2:00 PM EDT","Apr 28, 2026 2:32 PM EDT",32,10.55,3,3677.5893654431716,5628.025444103799,35.84988763421665
H4-026,"Apr 28, 2026 2:34 PM EDT","Apr 28, 2026 2:55 PM EDT",21,"Apr 28, 2026 2:00 PM EDT","Apr 28, 2026 2:34 PM EDT","Apr 28, 2026 2:55 PM EDT",21,0.55,3,3627.7883510560664,4870.845819152496,33.90525388700097
H4-027,"Apr 28, 2026 3:11 PM EDT","Apr 28, 2026 4:34 PM EDT",83,"Apr 28, 2026 3:00 PM EDT","Apr 28, 2026 3:11 PM EDT","Apr 28, 2026 4:00 PM EDT",49,10.85,5,3130.9253376875554,3992.8915772940236,35.31107849093145
H4-027,"Apr 28, 2026 3:11 PM EDT","Apr 28, 2026 4:34 PM EDT",83,"Apr 28, 2026 4:00 PM EDT","Apr 28, 2026 4:00 PM EDT","Apr 28, 2026 4:34 PM EDT",34,11.65,5,3168.9380320255473,4162.006034407151,34.78344707219912
H4-028,"Apr 28, 2026 4:35 PM EDT","Apr 28, 2026 4:55 PM EDT",20,"Apr 28, 2026 4:00 PM EDT","Apr 28, 2026 4:35 PM EDT","Apr 28, 2026 4:55 PM EDT",20,10.65,5,3130.299934710935,3919.4315705550853,36.27394183730112
H4-029,"Apr 28, 2026 4:58 PM EDT","Apr 28, 2026 5:16 PM EDT",18,"Apr 28, 2026 4:00 PM EDT","Apr 28, 2026 4:58 PM EDT","Apr 28, 2026 5:00 PM EDT",2,7.75,2,2919.890429904532,3035.053540423401,42.94863644240093
H4-029,"Apr 28, 2026 4:58 PM EDT","Apr 28, 2026 5:16 PM EDT",18,"Apr 28, 2026 5:00 PM EDT","Apr 28, 2026 5:00 PM EDT","Apr 28, 2026 5:16 PM EDT",16,10.95,3,3038.0804979064064,3447.8726775549526,37.02667287661883
H4-030,"Apr 28, 2026 5:17 PM EDT","Apr 28, 2026 5:54 PM EDT",37,"Apr 28, 2026 5:00 PM EDT","Apr 28, 2026 5:17 PM EDT","Apr 28, 2026 5:54 PM EDT",37,10.95,6,3131.9506937829997,4743.272543014573,35.156230974701245
H4-031,"Apr 28, 2026 6:06 PM EDT","Apr 28, 2026 6:25 PM EDT",19,"Apr 28, 2026 6:00 PM EDT","Apr 28, 2026 6:06 PM EDT","Apr 28, 2026 6:25 PM EDT",19,8.35,2,2959.112450120446,3444.7905079136476,35.67110094238243
H4-032,"Apr 28, 2026 6:56 PM EDT","Apr 28, 2026 7:31 PM EDT",35,"Apr 28, 2026 6:00 PM EDT","Apr 28, 2026 6:56 PM EDT","Apr 28, 2026 7:00 PM EDT",4,5.55,1,2770.0044011837235,2882.085565412845,37.5090035483829
H4-032,"Apr 28, 2026 6:56 PM EDT","Apr 28, 2026 7:31 PM EDT",35,"Apr 28, 2026 7:00 PM EDT","Apr 28, 2026 7:00 PM EDT","Apr 28, 2026 7:31 PM EDT",31,10.65,5,2925.768373220554,3545.5636676541185,36.455083950057904
H4-033,"Apr 28, 2026 7:32 PM EDT","Apr 28, 2026 8:20 PM EDT",48,"Apr 28, 2026 7:00 PM EDT","Apr 28, 2026 7:32 PM EDT","Apr 28, 2026 8:00 PM EDT",28,10.75,4,2893.2274311833094,3323.4933078512963,36.697423580277956
H4-033,"Apr 28, 2026 7:32 PM EDT","Apr 28, 2026 8:20 PM EDT",48,"Apr 28, 2026 8:00 PM EDT","Apr 28, 2026 8:00 PM EDT","Apr 28, 2026 8:20 PM EDT",20,5.65,3,2817.9763010235993,3065.9790037851835,38.00041929678227
H4-034,"Apr 28, 2026 8:21 PM EDT","Apr 28, 2026 9:53 PM EDT",92,"Apr 28, 2026 8:00 PM EDT","Apr 28, 2026 8:21 PM EDT","Apr 28, 2026 9:00 PM EDT",39,5.75,4,2819.83297961078,3172.870069960693,37.93407268736957
H4-034,"Apr 28, 2026 8:21 PM EDT","Apr 28, 2026 9:53 PM EDT",92,"Apr 28, 2026 9:00 PM EDT","Apr 28, 2026 9:00 PM EDT","Apr 28, 2026 9:53 PM EDT",53,10.75,8,2780.9006189512115,3390.3947042084756,38.07142114594584
H4-035,"Apr 28, 2026 9:54 PM EDT","Apr 28, 2026 11:12 PM EDT",78,"Apr 28, 2026 9:00 PM EDT","Apr 28, 2026 9:54 PM EDT","Apr 28, 2026 10:00 PM EDT",6,0.55,1,2811.044734868921,3081.617208285462,36.578886439240385
H4-035,"Apr 28, 2026 9:54 PM EDT","Apr 28, 2026 11:12 PM EDT",78,"Apr 28, 2026 10:00 PM EDT","Apr 28, 2026 10:00 PM EDT","Apr 28, 2026 11:00 PM EDT",60,10.85,7,2771.034711713829,3239.2960394107204,37.73348887976588
H4-035,"Apr 28, 2026 9:54 PM EDT","Apr 28, 2026 11:12 PM EDT",78,"Apr 28, 2026 11:00 PM EDT","Apr 28, 2026 11:00 PM EDT","Apr 28, 2026 11:12 PM EDT",12,5.75,2,2748.5418931975023,2922.234713223083,38.06998703623521
H4-036,"Apr 30, 2026 1:57 PM EDT","Apr 30, 2026 3:03 PM EDT",66,"Apr 30, 2026 1:00 PM EDT","Apr 30, 2026 1:57 PM EDT","Apr 30, 2026 2:00 PM EDT",3,10.55,1,2973.8260774762166,3042.4828396132625,38.08846847631145
H4-036,"Apr 30, 2026 1:57 PM EDT","Apr 30, 2026 3:03 PM EDT",66,"Apr 30, 2026 2:00 PM EDT","Apr 30, 2026 2:00 PM EDT","Apr 30, 2026 3:00 PM EDT",60,5.75,7,3024.7737210950436,3647.0278429738337,39.32966944999558
H4-036,"Apr 30, 2026 1:57 PM EDT","Apr 30, 2026 3:03 PM EDT",66,"Apr 30, 2026 3:00 PM EDT","Apr 30, 2026 3:00 PM EDT","Apr 30, 2026 3:03 PM EDT",3,5.55,1,3325.443463063726,3457.6530275510927,36.905313494582124
H4-037,"Apr 30, 2026 3:06 PM EDT","Apr 30, 2026 4:01 PM EDT",55,"Apr 30, 2026 3:00 PM EDT","Apr 30, 2026 3:06 PM EDT","Apr 30, 2026 4:00 PM EDT",54,10.75,5,3244.7904686836237,3732.4623515077374,37.735932265192076
H4-037,"Apr 30, 2026 3:06 PM EDT","Apr 30, 2026 4:01 PM EDT",55,"Apr 30, 2026 4:00 PM EDT","Apr 30, 2026 4:00 PM EDT","Apr 30, 2026 4:01 PM EDT",1,5.75,1,2967.1268687247507,2967.1268687247507,44.42321552575817
H4-038,"Apr 30, 2026 4:06 PM EDT","Apr 30, 2026 5:19 PM EDT",73,"Apr 30, 2026 4:00 PM EDT","Apr 30, 2026 4:06 PM EDT","Apr 30, 2026 5:00 PM EDT",54,10.85,8,3216.49352458131,4820.82744850127,36.650722099649386
H4-038,"Apr 30, 2026 4:06 PM EDT","Apr 30, 2026 5:19 PM EDT",73,"Apr 30, 2026 5:00 PM EDT","Apr 30, 2026 5:00 PM EDT","Apr 30, 2026 5:19 PM EDT",19,5.75,3,3153.295140074923,3944.8538184039257,37.13712372497085
H4-039,"Apr 30, 2026 5:29 PM EDT","Apr 30, 2026 6:04 PM EDT",35,"Apr 30, 2026 5:00 PM EDT","Apr 30, 2026 5:29 PM EDT","Apr 30, 2026 6:00 PM EDT",31,5.75,3,3237.8205575748048,3921.9526229202534,36.691280036610294
H4-039,"Apr 30, 2026 5:29 PM EDT","Apr 30, 2026 6:04 PM EDT",35,"Apr 30, 2026 6:00 PM EDT","Apr 30, 2026 6:00 PM EDT","Apr 30, 2026 6:04 PM EDT",4,5.55,1,3093.8028913058924,3206.8632375382967,37.8464704670675
H4-040,"Apr 30, 2026 6:05 PM EDT","Apr 30, 2026 6:41 PM EDT",36,"Apr 30, 2026 6:00 PM EDT","Apr 30, 2026 6:05 PM EDT","Apr 30, 2026 6:41 PM EDT",36,0.55,5,3268.7484927309456,5423.159937800823,36.643158260185885
H4-041,"Apr 30, 2026 6:42 PM EDT","Apr 30, 2026 7:12 PM EDT",30,"Apr 30, 2026 6:00 PM EDT","Apr 30, 2026 6:42 PM EDT","Apr 30, 2026 7:00 PM EDT",18,10.35,2,3046.095348868189,3280.262033222272,36.79297489007191
H4-041,"Apr 30, 2026 6:42 PM EDT","Apr 30, 2026 7:12 PM EDT",30,"Apr 30, 2026 7:00 PM EDT","Apr 30, 2026 7:00 PM EDT","Apr 30, 2026 7:12 PM EDT",12,10.75,2,3078.9432647074223,3495.910716733346,35.8917321896042
H4-042,"Apr 30, 2026 7:13 PM EDT","Apr 30, 2026 8:10 PM EDT",57,"Apr 30, 2026 7:00 PM EDT","Apr 30, 2026 7:13 PM EDT","Apr 30, 2026 8:00 PM EDT",47,10.95,7,2969.547872964177,3506.581213524545,36.68261477553973
H4-042,"Apr 30, 2026 7:13 PM EDT","Apr 30, 2026 8:10 PM EDT",57,"Apr 30, 2026 8:00 PM EDT","Apr 30, 2026 8:00 PM EDT","Apr 30, 2026 8:10 PM EDT",10,8.05,1,3081.518558800197,3427.62729505829,34.68534342736284
H4-043,"Jun 17, 2026 6:06 AM EDT","Jun 17, 2026 6:25 AM EDT",19,"Jun 17, 2026 6:00 AM EDT","Jun 17, 2026 6:06 AM EDT","Jun 17, 2026 6:25 AM EDT",19,10.95,4,3079.200057929616,3429.992992402463,38.59401656789218
H4-044,"Jun 22, 2026 2:46 AM EDT","Jun 22, 2026 3:40 AM EDT",54,"Jun 22, 2026 2:00 AM EDT","Jun 22, 2026 2:46 AM EDT","Jun 22, 2026 3:00 AM EDT",14,5.65,4,3020.5149992558227,3144.684251758822,40.862610457480116
H4-044,"Jun 22, 2026 2:46 AM EDT","Jun 22, 2026 3:40 AM EDT",54,"Jun 22, 2026 3:00 AM EDT","Jun 22, 2026 3:00 AM EDT","Jun 22, 2026 3:40 AM EDT",40,5.95,4,2842.7124457421473,3091.179958253048,38.59602845875777
H4-045,"Jun 23, 2026 11:57 PM EDT","Jun 24, 2026 12:20 AM EDT",23,"Jun 23, 2026 11:00 PM EDT","Jun 23, 2026 11:57 PM EDT","Jun 24, 2026 12:00 AM EDT",3,5.65,1,3135.0254151937224,3327.7463133012016,37.4121800993151
H4-045,"Jun 23, 2026 11:57 PM EDT","Jun 24, 2026 12:20 AM EDT",23,"Jun 24, 2026 12:00 AM EDT","Jun 24, 2026 12:00 AM EDT","Jun 24, 2026 12:20 AM EDT",20,10.85,3,2948.8493190113136,3294.0600982802284,38.64677704665549
H4-046,"Jun 24, 2026 12:34 AM EDT","Jun 24, 2026 1:09 AM EDT",35,"Jun 24, 2026 12:00 AM EDT","Jun 24, 2026 12:34 AM EDT","Jun 24, 2026 1:00 AM EDT",26,5.45,3,4181.759194996184,36220.01265546812,39.98160146667908
H4-046,"Jun 24, 2026 12:34 AM EDT","Jun 24, 2026 1:09 AM EDT",35,"Jun 24, 2026 1:00 AM EDT","Jun 24, 2026 1:00 AM EDT","Jun 24, 2026 1:09 AM EDT",9,5.75,3,2736.0970159583285,3152.836814603217,37.12493083349643
H4-047,"Jun 28, 2026 2:45 AM EDT","Jun 28, 2026 3:14 AM EDT",29,"Jun 28, 2026 2:00 AM EDT","Jun 28, 2026 2:45 AM EDT","Jun 28, 2026 3:00 AM EDT",15,10.85,4,2847.124230248249,3040.9711829326106,39.097003709792745
H4-047,"Jun 28, 2026 2:45 AM EDT","Jun 28, 2026 3:14 AM EDT",29,"Jun 28, 2026 3:00 AM EDT","Jun 28, 2026 3:00 AM EDT","Jun 28, 2026 3:14 AM EDT",14,10.95,3,3044.7016230616905,3334.077744076965,38.513385290630815
H4-048,"Jun 28, 2026 3:27 AM EDT","Jun 28, 2026 4:26 AM EDT",59,"Jun 28, 2026 3:00 AM EDT","Jun 28, 2026 3:27 AM EDT","Jun 28, 2026 4:00 AM EDT",33,5.65,3,2876.358095286649,3090.319807346803,40.510749106135385
H4-048,"Jun 28, 2026 3:27 AM EDT","Jun 28, 2026 4:26 AM EDT",59,"Jun 28, 2026 4:00 AM EDT","Jun 28, 2026 4:00 AM EDT","Jun 28, 2026 4:26 AM EDT",26,7.85,3,2893.3469340914507,3001.1856710349166,40.13662202211285
H4-049,"Jun 28, 2026 1:13 PM EDT","Jun 28, 2026 1:36 PM EDT",23,"Jun 28, 2026 1:00 PM EDT","Jun 28, 2026 1:13 PM EDT","Jun 28, 2026 1:36 PM EDT",23,5.75,2,2975.909662322179,3200.918165505504,37.82848137880684
H4-050,"Jun 28, 2026 1:45 PM EDT","Jun 28, 2026 2:21 PM EDT",36,"Jun 28, 2026 1:00 PM EDT","Jun 28, 2026 1:45 PM EDT","Jun 28, 2026 2:00 PM EDT",15,10.95,3,2950.974717710107,3394.777874834605,37.89647502140529
H4-050,"Jun 28, 2026 1:45 PM EDT","Jun 28, 2026 2:21 PM EDT",36,"Jun 28, 2026 2:00 PM EDT","Jun 28, 2026 2:00 PM EDT","Jun 28, 2026 2:21 PM EDT",21,5.75,3,2865.6316574195685,3114.493907198297,39.24948560911567
H4-051,"Jun 29, 2026 12:31 PM EDT","Jun 29, 2026 12:52 PM EDT",21,"Jun 29, 2026 12:00 PM EDT","Jun 29, 2026 12:31 PM EDT","Jun 29, 2026 12:52 PM EDT",21,10.75,3,2951.961445474444,4649.121679795734,38.02204585339955
H4-052,"Jun 29, 2026 1:17 PM EDT","Jun 29, 2026 2:48 PM EDT",91,"Jun 29, 2026 1:00 PM EDT","Jun 29, 2026 1:17 PM EDT","Jun 29, 2026 2:00 PM EDT",43,10.95,9,2985.65942962434,3597.781430696418,37.647653384531225
H4-052,"Jun 29, 2026 1:17 PM EDT","Jun 29, 2026 2:48 PM EDT",91,"Jun 29, 2026 2:00 PM EDT","Jun 29, 2026 2:00 PM EDT","Jun 29, 2026 2:48 PM EDT",48,10.75,6,3142.5505532466545,3738.71919908966,38.004388248976944
H4-053,"Jun 29, 2026 3:25 PM EDT","Jun 29, 2026 3:44 PM EDT",19,"Jun 29, 2026 3:00 PM EDT","Jun 29, 2026 3:25 PM EDT","Jun 29, 2026 3:44 PM EDT",19,7.85,2,3043.7973431806254,3430.891362396122,37.93324896890698
H4-054,"Jun 29, 2026 6:35 PM EDT","Jun 29, 2026 6:50 PM EDT",15,"Jun 29, 2026 6:00 PM EDT","Jun 29, 2026 6:35 PM EDT","Jun 29, 2026 6:50 PM EDT",15,0.55,3,3128.555007038749,3818.7875525517343,36.581382934125045
H4-055,"Jun 29, 2026 7:03 PM EDT","Jun 29, 2026 7:19 PM EDT",16,"Jun 29, 2026 7:00 PM EDT","Jun 29, 2026 7:03 PM EDT","Jun 29, 2026 7:19 PM EDT",16,10.75,2,3069.6162319198675,3677.0607410716693,38.56329025329544
H4-056,"Jun 30, 2026 5:51 AM EDT","Jun 30, 2026 6:42 AM EDT",51,"Jun 30, 2026 5:00 AM EDT","Jun 30, 2026 5:51 AM EDT","Jun 30, 2026 6:00 AM EDT",9,10.95,3,3051.545532223424,3277.1914649983787,37.79399337932076
H4-056,"Jun 30, 2026 5:51 AM EDT","Jun 30, 2026 6:42 AM EDT",51,"Jun 30, 2026 6:00 AM EDT","Jun 30, 2026 6:00 AM EDT","Jun 30, 2026 6:42 AM EDT",42,11.05,6,2970.475067580686,4055.5093663869557,39.52738334019266
H4-057,"Jun 30, 2026 7:34 AM EDT","Jun 30, 2026 8:08 AM EDT",34,"Jun 30, 2026 7:00 AM EDT","Jun 30, 2026 7:34 AM EDT","Jun 30, 2026 8:00 AM EDT",26,10.95,4,2981.2646022816434,3685.937000987945,33.78197642679626
H4-057,"Jun 30, 2026 7:34 AM EDT","Jun 30, 2026 8:08 AM EDT",34,"Jun 30, 2026 8:00 AM EDT","Jun 30, 2026 8:00 AM EDT","Jun 30, 2026 8:08 AM EDT",8,5.05,1,2910.9325993688817,3158.3552112486063,36.93866675517678
H4-058,"Jul 14, 2026 8:02 PM EDT","Jul 14, 2026 8:25 PM EDT",23,"Jul 14, 2026 8:00 PM EDT","Jul 14, 2026 8:02 PM EDT","Jul 14, 2026 8:25 PM EDT",23,5.75,4,3240.3670394024566,4184.398435142776,38.84785175097537
H4-059,"Jul 15, 2026 11:54 AM EDT","Jul 15, 2026 12:12 PM EDT",18,"Jul 15, 2026 11:00 AM EDT","Jul 15, 2026 11:54 AM EDT","Jul 15, 2026 12:00 PM EDT",6,11.05,2,2987.312785994676,3167.1354981212185,35.72944199013533
H4-059,"Jul 15, 2026 11:54 AM EDT","Jul 15, 2026 12:12 PM EDT",18,"Jul 15, 2026 12:00 PM EDT","Jul 15, 2026 12:00 PM EDT","Jul 15, 2026 12:12 PM EDT",12,10.65,2,3093.1314939515983,4701.987787088932,35.760272267510764
H4-060,"Jul 15, 2026 1:11 PM EDT","Jul 15, 2026 1:26 PM EDT",15,"Jul 15, 2026 1:00 PM EDT","Jul 15, 2026 1:11 PM EDT","Jul 15, 2026 1:26 PM EDT",15,10.95,3,2937.848520398571,3495.574973388881,35.859946940846235
H4-061,"Jul 15, 2026 1:33 PM EDT","Jul 15, 2026 1:50 PM EDT",17,"Jul 15, 2026 1:00 PM EDT","Jul 15, 2026 1:33 PM EDT","Jul 15, 2026 1:50 PM EDT",17,11.05,3,2899.1298578082888,3278.843148276115,36.51011960272771
H4-062,"Jul 15, 2026 2:26 PM EDT","Jul 15, 2026 3:08 PM EDT",42,"Jul 15, 2026 2:00 PM EDT","Jul 15, 2026 2:26 PM EDT","Jul 15, 2026 3:00 PM EDT",34,10.85,4,2921.560005391334,3200.5150854888334,37.418082409963255
H4-062,"Jul 15, 2026 2:26 PM EDT","Jul 15, 2026 3:08 PM EDT",42,"Jul 15, 2026 3:00 PM EDT","Jul 15, 2026 3:00 PM EDT","Jul 15, 2026 3:08 PM EDT",8,10.65,2,2840.6673594729923,2921.64372993467,38.20051083064983
H4-063,"Jul 15, 2026 3:09 PM EDT","Jul 15, 2026 4:02 PM EDT",53,"Jul 15, 2026 3:00 PM EDT","Jul 15, 2026 3:09 PM EDT","Jul 15, 2026 4:00 PM EDT",51,11.15,7,3013.7742322097824,4108.036708214354,36.44525643401657
H4-063,"Jul 15, 2026 3:09 PM EDT","Jul 15, 2026 4:02 PM EDT",53,"Jul 15, 2026 4:00 PM EDT","Jul 15, 2026 4:00 PM EDT","Jul 15, 2026 4:02 PM EDT",2,10.65,1,2941.741668305153,2976.406328507513,36.911243207002585
H4-064,"Jul 15, 2026 4:18 PM EDT","Jul 15, 2026 4:35 PM EDT",17,"Jul 15, 2026 4:00 PM EDT","Jul 15, 2026 4:18 PM EDT","Jul 15, 2026 4:35 PM EDT",17,5.55,3,2982.7393613347017,3317.4595928205704,36.67605619060701
H4-065,"Jul 15, 2026 4:42 PM EDT","Jul 15, 2026 5:02 PM EDT",20,"Jul 15, 2026 4:00 PM EDT","Jul 15, 2026 4:42 PM EDT","Jul 15, 2026 5:00 PM EDT",18,5.75,2,3040.4168859424553,3410.155784035292,36.84753783311067
H4-065,"Jul 15, 2026 4:42 PM EDT","Jul 15, 2026 5:02 PM EDT",20,"Jul 15, 2026 5:00 PM EDT","Jul 15, 2026 5:00 PM EDT","Jul 15, 2026 5:02 PM EDT",2,5.95,1,3024.790647295882,3026.362908682513,35.140647284073964
H4-066,"Jul 15, 2026 5:11 PM EDT","Jul 15, 2026 6:00 PM EDT",49,"Jul 15, 2026 5:00 PM EDT","Jul 15, 2026 5:11 PM EDT","Jul 15, 2026 6:00 PM EDT",49,10.95,7,3090.7849494699653,4477.085702895722,36.650920755297314
H4-067,"Jul 15, 2026 6:19 PM EDT","Jul 15, 2026 6:48 PM EDT",29,"Jul 15, 2026 6:00 PM EDT","Jul 15, 2026 6:19 PM EDT","Jul 15, 2026 6:48 PM EDT",29,5.65,3,3107.0296078068077,4160.262325335529,37.642861946876124
H4-068,"Jul 15, 2026 7:09 PM EDT","Jul 15, 2026 7:30 PM EDT",21,"Jul 15, 2026 7:00 PM EDT","Jul 15, 2026 7:09 PM EDT","Jul 15, 2026 7:30 PM EDT",21,10.95,3,3212.628984494383,3753.4764820501123,36.9650949430832
H4-069,"Jul 15, 2026 7:36 PM EDT","Jul 15, 2026 7:54 PM EDT",18,"Jul 15, 2026 7:00 PM EDT","Jul 15, 2026 7:36 PM EDT","Jul 15, 2026 7:54 PM EDT",18,5.85,5,3131.304748650997,3662.08160811485,39.00547161922401
H4-070,"Jul 16, 2026 2:50 PM EDT","Jul 16, 2026 3:06 PM EDT",16,"Jul 16, 2026 2:00 PM EDT","Jul 16, 2026 2:50 PM EDT","Jul 16, 2026 3:00 PM EDT",10,10.75,2,2884.9924992596298,3170.0556229074487,37.02988129903774
H4-070,"Jul 16, 2026 2:50 PM EDT","Jul 16, 2026 3:06 PM EDT",16,"Jul 16, 2026 3:00 PM EDT","Jul 16, 2026 3:00 PM EDT","Jul 16, 2026 3:06 PM EDT",6,5.15,1,3001.709510608016,3417.9650839610435,37.154313714253846
H4-071,"Jul 17, 2026 4:15 PM EDT","Jul 17, 2026 4:30 PM EDT",15,"Jul 17, 2026 4:00 PM EDT","Jul 17, 2026 4:15 PM EDT","Jul 17, 2026 4:30 PM EDT",15,11.05,5,2834.302842837124,3069.06966550524,37.648802900147544
H4-072,"Jul 17, 2026 4:39 PM EDT","Jul 17, 2026 4:56 PM EDT",17,"Jul 17, 2026 4:00 PM EDT","Jul 17, 2026 4:39 PM EDT","Jul 17, 2026 4:56 PM EDT",17,10.75,3,3018.0937265900766,3678.781986536639,35.69102167405852
H4-073,"Jul 17, 2026 5:27 PM EDT","Jul 17, 2026 5:42 PM EDT",15,"Jul 17, 2026 5:00 PM EDT","Jul 17, 2026 5:27 PM EDT","Jul 17, 2026 5:42 PM EDT",15,5.85,2,2959.354219056482,3397.736664452514,37.42141961458208
H4-074,"Jul 18, 2026 11:50 AM EDT","Jul 18, 2026 12:06 PM EDT",16,"Jul 18, 2026 11:00 AM EDT","Jul 18, 2026 11:50 AM EDT","Jul 18, 2026 12:00 PM EDT",10,0.55,3,3768.2188831210015,5295.478599055324,34.37265439738354
H4-074,"Jul 18, 2026 11:50 AM EDT","Jul 18, 2026 12:06 PM EDT",16,"Jul 18, 2026 12:00 PM EDT","Jul 18, 2026 12:00 PM EDT","Jul 18, 2026 12:06 PM EDT",6,5.65,2,3101.879806110777,3274.3082157811546,36.51783467417195
H4-075,"Jul 18, 2026 12:13 PM EDT","Jul 18, 2026 12:47 PM EDT",34,"Jul 18, 2026 12:00 PM EDT","Jul 18, 2026 12:13 PM EDT","Jul 18, 2026 12:47 PM EDT",34,10.95,6,3152.718447254089,3566.465434168643,36.370257723169054
H4-076,"Jul 18, 2026 12:55 PM EDT","Jul 18, 2026 1:14 PM EDT",19,"Jul 18, 2026 12:00 PM EDT","Jul 18, 2026 12:55 PM EDT","Jul 18, 2026 1:00 PM EDT",5,10.95,2,3209.843950857826,3505.8144834854647,36.420928471016055
H4-076,"Jul 18, 2026 12:55 PM EDT","Jul 18, 2026 1:14 PM EDT",19,"Jul 18, 2026 1:00 PM EDT","Jul 18, 2026 1:00 PM EDT","Jul 18, 2026 1:14 PM EDT",14,0.55,3,3865.058866237188,6272.266211588646,35.9115173090755
H4-077,"Jul 18, 2026 1:15 PM EDT","Jul 18, 2026 1:43 PM EDT",28,"Jul 18, 2026 1:00 PM EDT","Jul 18, 2026 1:15 PM EDT","Jul 18, 2026 1:43 PM EDT",28,0.55,6,4248.478769081649,6183.527830140256,35.27483814082788
H4-078,"Jul 18, 2026 2:13 PM EDT","Jul 18, 2026 2:42 PM EDT",29,"Jul 18, 2026 2:00 PM EDT","Jul 18, 2026 2:13 PM EDT","Jul 18, 2026 2:42 PM EDT",29,0.55,8,5198.649813169975,7523.185552040158,34.52070237249167
H4-079,"Jul 18, 2026 2:49 PM EDT","Jul 18, 2026 3:16 PM EDT",27,"Jul 18, 2026 2:00 PM EDT","Jul 18, 2026 2:49 PM EDT","Jul 18, 2026 3:00 PM EDT",11,0.55,2,5251.012974001837,8775.210031746628,34.5674231252976
H4-079,"Jul 18, 2026 2:49 PM EDT","Jul 18, 2026 3:16 PM EDT",27,"Jul 18, 2026 3:00 PM EDT","Jul 18, 2026 3:00 PM EDT","Jul 18, 2026 3:16 PM EDT",16,0.55,4,4999.735101751823,7098.162397017283,34.15854683863371
H4-080,"Jul 18, 2026 3:32 PM EDT","Jul 18, 2026 3:57 PM EDT",25,"Jul 18, 2026 3:00 PM EDT","Jul 18, 2026 3:32 PM EDT","Jul 18, 2026 3:57 PM EDT",25,0.55,6,5266.9269539760835,7495.018729401335,32.49450954673606
H4-081,"Jul 20, 2026 7:51 AM EDT","Jul 20, 2026 8:14 AM EDT",23,"Jul 20, 2026 7:00 AM EDT","Jul 20, 2026 7:51 AM EDT","Jul 20, 2026 8:00 AM EDT",9,5.75,2,3003.7567154827675,3108.8291232205706,38.8535890008287
H4-081,"Jul 20, 2026 7:51 AM EDT","Jul 20, 2026 8:14 AM EDT",23,"Jul 20, 2026 8:00 AM EDT","Jul 20, 2026 8:00 AM EDT","Jul 20, 2026 8:14 AM EDT",14,10.75,2,3002.2398682042476,3125.55525974632,39.296207424976174
H4-082,"Jul 20, 2026 8:00 PM EDT","Jul 20, 2026 8:18 PM EDT",18,"Jul 20, 2026 8:00 PM EDT","Jul 20, 2026 8:00 PM EDT","Jul 20, 2026 8:18 PM EDT",18,10.75,3,3007.5426193583553,3537.3518229318965,37.53561046223583
H4-083,"Jul 20, 2026 8:19 PM EDT","Jul 20, 2026 8:36 PM EDT",17,"Jul 20, 2026 8:00 PM EDT","Jul 20, 2026 8:19 PM EDT","Jul 20, 2026 8:36 PM EDT",17,5.55,2,2944.039019657775,3147.0180865588645,36.541467071237975
H4-084,"Jul 20, 2026 8:38 PM EDT","Jul 20, 2026 9:00 PM EDT",22,"Jul 20, 2026 8:00 PM EDT","Jul 20, 2026 8:38 PM EDT","Jul 20, 2026 9:00 PM EDT",22,11.75,6,3249.8818379009303,3681.855305789904,36.236961542413695
H4-085,"Jul 20, 2026 9:17 PM EDT","Jul 20, 2026 9:35 PM EDT",18,"Jul 20, 2026 9:00 PM EDT","Jul 20, 2026 9:17 PM EDT","Jul 20, 2026 9:35 PM EDT",18,5.75,3,2903.116101503989,3042.2602732548835,38.253559726552794
H4-086,"Jul 21, 2026 10:01 AM EDT","Jul 21, 2026 10:20 AM EDT",19,"Jul 21, 2026 10:00 AM EDT","Jul 21, 2026 10:01 AM EDT","Jul 21, 2026 10:20 AM EDT",19,10.75,4,3386.660545633228,4754.28417802652,37.44573086902271
H4-087,"Jul 21, 2026 12:30 PM EDT","Jul 21, 2026 12:58 PM EDT",28,"Jul 21, 2026 12:00 PM EDT","Jul 21, 2026 12:30 PM EDT","Jul 21, 2026 12:58 PM EDT",28,5.75,4,3381.78227777755,4177.149556258548,35.359821787059374
H4-088,"Jul 21, 2026 12:59 PM EDT","Jul 21, 2026 1:20 PM EDT",21,"Jul 21, 2026 12:00 PM EDT","Jul 21, 2026 12:59 PM EDT","Jul 21, 2026 1:00 PM EDT",1,11.75,1,3163.6612258534606,3163.6612258534606,32.05316076018204
H4-088,"Jul 21, 2026 12:59 PM EDT","Jul 21, 2026 1:20 PM EDT",21,"Jul 21, 2026 1:00 PM EDT","Jul 21, 2026 1:00 PM EDT","Jul 21, 2026 1:20 PM EDT",20,5.75,3,3686.1783095658348,4802.757736653654,35.71984785172136
H4-089,"Jul 21, 2026 1:30 PM EDT","Jul 21, 2026 1:51 PM EDT",21,"Jul 21, 2026 1:00 PM EDT","Jul 21, 2026 1:30 PM EDT","Jul 21, 2026 1:51 PM EDT",21,10.75,3,4011.4156974939992,6237.2885188218015,35.85295267601079
H4-090,"Jul 21, 2026 10:43 PM EDT","Jul 21, 2026 11:31 PM EDT",48,"Jul 21, 2026 10:00 PM EDT","Jul 21, 2026 10:43 PM EDT","Jul 21, 2026 11:00 PM EDT",17,5.75,2,3344.3836050153423,4085.422516869113,34.24769670801137
H4-090,"Jul 21, 2026 10:43 PM EDT","Jul 21, 2026 11:31 PM EDT",48,"Jul 21, 2026 11:00 PM EDT","Jul 21, 2026 11:00 PM EDT","Jul 21, 2026 11:31 PM EDT",31,10.95,4,3148.3049073117886,3547.708459464065,37.531274878568574
H4-091,"Jul 22, 2026 12:17 PM EDT","Jul 22, 2026 12:41 PM EDT",24,"Jul 22, 2026 12:00 PM EDT","Jul 22, 2026 12:17 PM EDT","Jul 22, 2026 12:41 PM EDT",24,10.85,5,3097.8054760817213,3309.267366750789,35.42534478759754
H4-092,"Jul 23, 2026 8:44 PM EDT","Jul 23, 2026 9:09 PM EDT",25,"Jul 23, 2026 8:00 PM EDT","Jul 23, 2026 8:44 PM EDT","Jul 23, 2026 9:00 PM EDT",16,5.65,3,3157.3030576150404,3338.1385652025183,40.33129373555083
H4-092,"Jul 23, 2026 8:44 PM EDT","Jul 23, 2026 9:09 PM EDT",25,"Jul 23, 2026 9:00 PM EDT","Jul 23, 2026 9:00 PM EDT","Jul 23, 2026 9:09 PM EDT",9,10.95,2,3063.1199961689654,3224.8565812382694,39.6787466794784
H4-093,"Jul 23, 2026 9:10 PM EDT","Jul 23, 2026 10:42 PM EDT",92,"Jul 23, 2026 9:00 PM EDT","Jul 23, 2026 9:10 PM EDT","Jul 23, 2026 10:00 PM EDT",50,5.45,6,3019.5458288303826,3370.6879334777254,38.255073284833244
H4-093,"Jul 23, 2026 9:10 PM EDT","Jul 23, 2026 10:42 PM EDT",92,"Jul 23, 2026 10:00 PM EDT","Jul 23, 2026 10:00 PM EDT","Jul 23, 2026 10:42 PM EDT",42,10.85,5,2965.203252450192,3277.4924665021354,38.30060882765095
H4-094,"Jul 27, 2026 1:02 AM EDT","Jul 27, 2026 1:58 AM EDT",56,"Jul 27, 2026 1:00 AM EDT","Jul 27, 2026 1:02 AM EDT","Jul 27, 2026 1:58 AM EDT",56,10.65,6,2891.0173450248917,3375.7620023159193,36.77447140205166
H4-095,"Jul 27, 2026 1:59 AM EDT","Jul 27, 2026 2:16 AM EDT",17,"Jul 27, 2026 1:00 AM EDT","Jul 27, 2026 1:59 AM EDT","Jul 27, 2026 2:00 AM EDT",1,8.55,1,2909.7597866337805,2909.7597866337805,33.91290185577568
H4-095,"Jul 27, 2026 1:59 AM EDT","Jul 27, 2026 2:16 AM EDT",17,"Jul 27, 2026 2:00 AM EDT","Jul 27, 2026 2:00 AM EDT","Jul 27, 2026 2:16 AM EDT",16,10.95,3,2825.586563310398,2921.5900525923225,36.34132246754957
H4-096,"Jul 27, 2026 2:17 AM EDT","Jul 27, 2026 4:58 AM EDT",161,"Jul 27, 2026 2:00 AM EDT","Jul 27, 2026 2:17 AM EDT","Jul 27, 2026 3:00 AM EDT",43,10.75,5,2818.8350515523944,3006.918382572576,36.671998864432034
H4-096,"Jul 27, 2026 2:17 AM EDT","Jul 27, 2026 4:58 AM EDT",161,"Jul 27, 2026 3:00 AM EDT","Jul 27, 2026 3:00 AM EDT","Jul 27, 2026 4:00 AM EDT",60,10.85,9,2831.7264406873824,3011.1474757309843,37.499680482437455
H4-096,"Jul 27, 2026 2:17 AM EDT","Jul 27, 2026 4:58 AM EDT",161,"Jul 27, 2026 4:00 AM EDT","Jul 27, 2026 4:00 AM EDT","Jul 27, 2026 4:58 AM EDT",58,5.75,6,2885.16711797523,3168.5905414440454,36.46935191777767
H4-097,"Jul 27, 2026 1:30 PM EDT","Jul 27, 2026 1:49 PM EDT",19,"Jul 27, 2026 1:00 PM EDT","Jul 27, 2026 1:30 PM EDT","Jul 27, 2026 1:49 PM EDT",19,10.85,3,3428.898860420908,6184.771085539305,35.74342508268858
H4-098,"Jul 27, 2026 9:23 PM EDT","Jul 27, 2026 11:40 PM EDT",137,"Jul 27, 2026 9:00 PM EDT","Jul 27, 2026 9:23 PM EDT","Jul 27, 2026 10:00 PM EDT",37,10.85,6,2962.436811155885,3596.2645256172705,37.227409835842316
H4-098,"Jul 27, 2026 9:23 PM EDT","Jul 27, 2026 11:40 PM EDT",137,"Jul 27, 2026 10:00 PM EDT","Jul 27, 2026 10:00 PM EDT","Jul 27, 2026 11:00 PM EDT",60,5.75,9,2996.7692827388933,3306.634431095408,39.1313571007178
H4-098,"Jul 27, 2026 9:23 PM EDT","Jul 27, 2026 11:40 PM EDT",137,"Jul 27, 2026 11:00 PM EDT","Jul 27, 2026 11:00 PM EDT","Jul 27, 2026 11:40 PM EDT",40,10.95,5,3025.4148487479733,3475.461967622849,37.457323201024565
H4-099,"Aug 1, 2026 2:57 AM EDT","Aug 1, 2026 4:17 AM EDT",80,"Aug 1, 2026 2:00 AM EDT","Aug 1, 2026 2:57 AM EDT","Aug 1, 2026 3:00 AM EDT",3,5.95,1,2932.621035083621,2990.7903425638547,36.897200583361546
H4-099,"Aug 1, 2026 2:57 AM EDT","Aug 1, 2026 4:17 AM EDT",80,"Aug 1, 2026 3:00 AM EDT","Aug 1, 2026 3:00 AM EDT","Aug 1, 2026 4:00 AM EDT",60,10.95,8,2858.252723766362,3117.711775695163,38.1461590233753
H4-099,"Aug 1, 2026 2:57 AM EDT","Aug 1, 2026 4:17 AM EDT",80,"Aug 1, 2026 4:00 AM EDT","Aug 1, 2026 4:00 AM EDT","Aug 1, 2026 4:17 AM EDT",17,11.05,3,2858.6722303325246,2976.6055801857756,38.19145962037604
H4-100,"Aug 1, 2026 6:37 AM EDT","Aug 1, 2026 7:03 AM EDT",26,"Aug 1, 2026 6:00 AM EDT","Aug 1, 2026 6:37 AM EDT","Aug 1, 2026 7:00 AM EDT",23,5.15,3,2897.0180950059694,3372.90847527866,38.586668643993804
H4-100,"Aug 1, 2026 6:37 AM EDT","Aug 1, 2026 7:03 AM EDT",26,"Aug 1, 2026 7:00 AM EDT","Aug 1, 2026 7:00 AM EDT","Aug 1, 2026 7:03 AM EDT",3,5.25,2,2876.0692051514447,3027.0064188124147,37.26411706858947
H4-101,"Aug 1, 2026 10:24 AM EDT","Aug 1, 2026 10:53 AM EDT",29,"Aug 1, 2026 10:00 AM EDT","Aug 1, 2026 10:24 AM EDT","Aug 1, 2026 10:53 AM EDT",29,5.15,4,2880.2747500940427,3185.645618117841,37.56503431845593
H4-102,"Aug 1, 2026 12:14 PM EDT","Aug 1, 2026 12:29 PM EDT",15,"Aug 1, 2026 12:00 PM EDT","Aug 1, 2026 12:14 PM EDT","Aug 1, 2026 12:29 PM EDT",15,10.75,3,2893.91024905332,3154.526423424388,38.82497455105731
H4-103,"Aug 1, 2026 1:28 PM EDT","Aug 1, 2026 1:51 PM EDT",23,"Aug 1, 2026 1:00 PM EDT","Aug 1, 2026 1:28 PM EDT","Aug 1, 2026 1:51 PM EDT",23,10.75,4,3070.409335303979,3725.0904890066595,37.10259824906342
H4-104,"Aug 1, 2026 2:11 PM EDT","Aug 1, 2026 2:31 PM EDT",20,"Aug 1, 2026 2:00 PM EDT","Aug 1, 2026 2:11 PM EDT","Aug 1, 2026 2:31 PM EDT",20,10.95,5,2949.0089548349147,3154.1502423393404,37.18569937718668
H4-105,"Aug 1, 2026 5:36 PM EDT","Aug 1, 2026 6:23 PM EDT",47,"Aug 1, 2026 5:00 PM EDT","Aug 1, 2026 5:36 PM EDT","Aug 1, 2026 6:00 PM EDT",24,5.75,4,3001.3656827285795,3294.5719113868686,37.69038335427391
H4-105,"Aug 1, 2026 5:36 PM EDT","Aug 1, 2026 6:23 PM EDT",47,"Aug 1, 2026 6:00 PM EDT","Aug 1, 2026 6:00 PM EDT","Aug 1, 2026 6:23 PM EDT",23,5.65,3,3072.493336268138,4700.8982846366,38.04757699627931
H4-106,"Aug 1, 2026 7:39 PM EDT","Aug 1, 2026 8:15 PM EDT",36,"Aug 1, 2026 7:00 PM EDT","Aug 1, 2026 7:39 PM EDT","Aug 1, 2026 8:00 PM EDT",21,10.75,4,2996.4958182814635,3264.371327943042,37.32037171867956
H4-106,"Aug 1, 2026 7:39 PM EDT","Aug 1, 2026 8:15 PM EDT",36,"Aug 1, 2026 8:00 PM EDT","Aug 1, 2026 8:00 PM EDT","Aug 1, 2026 8:15 PM EDT",15,5.65,2,3089.324020647616,3321.9881699718417,39.06566551475778
H4-107,"Aug 2, 2026 1:39 AM EDT","Aug 2, 2026 2:01 AM EDT",22,"Aug 2, 2026 1:00 AM EDT","Aug 2, 2026 1:39 AM EDT","Aug 2, 2026 2:00 AM EDT",21,10.55,3,3173.060013079381,3703.9397394314524,36.54837671109706
H4-107,"Aug 2, 2026 1:39 AM EDT","Aug 2, 2026 2:01 AM EDT",22,"Aug 2, 2026 2:00 AM EDT","Aug 2, 2026 2:00 AM EDT","Aug 2, 2026 2:01 AM EDT",1,5.85,1,2903.2953280223905,2903.2953280223905,37.39401134360032
H4-108,"Aug 2, 2026 4:42 AM EDT","Aug 2, 2026 5:00 AM EDT",18,"Aug 2, 2026 4:00 AM EDT","Aug 2, 2026 4:42 AM EDT","Aug 2, 2026 5:00 AM EDT",18,10.95,3,3150.2917028250613,3698.508011533599,36.14327683117563
H4-109,"Aug 2, 2026 10:57 AM EDT","Aug 2, 2026 11:52 AM EDT",55,"Aug 2, 2026 10:00 AM EDT","Aug 2, 2026 10:57 AM EDT","Aug 2, 2026 11:00 AM EDT",3,0.65,2,3787.7650192252527,3837.398805329339,28.641162123216308
H4-109,"Aug 2, 2026 10:57 AM EDT","Aug 2, 2026 11:52 AM EDT",55,"Aug 2, 2026 11:00 AM EDT","Aug 2, 2026 11:00 AM EDT","Aug 2, 2026 11:52 AM EDT",52,0.55,14,3806.357019539177,4954.545108906931,32.342245184762085
H4-110,"Aug 3, 2026 2:14 AM EDT","Aug 3, 2026 3:15 AM EDT",61,"Aug 3, 2026 2:00 AM EDT","Aug 3, 2026 2:14 AM EDT","Aug 3, 2026 3:00 AM EDT",46,5.55,7,2677.8435723188522,4405.538232880877,38.46516400483987
H4-110,"Aug 3, 2026 2:14 AM EDT","Aug 3, 2026 3:15 AM EDT",61,"Aug 3, 2026 3:00 AM EDT","Aug 3, 2026 3:00 AM EDT","Aug 3, 2026 3:15 AM EDT",15,11.15,2,2672.9756548245214,3003.402721745214,37.72818540649656
H4-111,"Aug 3, 2026 9:13 AM EDT","Aug 3, 2026 9:30 AM EDT",17,"Aug 3, 2026 9:00 AM EDT","Aug 3, 2026 9:13 AM EDT","Aug 3, 2026 9:30 AM EDT",17,5.75,3,2994.1711903737273,3445.2539553942597,39.33773233162329
H4-112,"Aug 3, 2026 11:45 AM EDT","Aug 3, 2026 12:43 PM EDT",58,"Aug 3, 2026 11:00 AM EDT","Aug 3, 2026 11:45 AM EDT","Aug 3, 2026 12:00 PM EDT",15,11.75,3,3117.3832408033186,3395.7197686626664,37.25542443457808
H4-112,"Aug 3, 2026 11:45 AM EDT","Aug 3, 2026 12:43 PM EDT",58,"Aug 3, 2026 12:00 PM EDT","Aug 3, 2026 12:00 PM EDT","Aug 3, 2026 12:43 PM EDT",43,11.15,5,3017.1651356455873,3749.6327533616764,37.597425633845404
